Order_ID,Date,Product,Quantity,Price
3001,2024-08-14,Headphones,3,50
3002,2024-10-08,Monitor,5,30
3003,2024-05-26,Printer,5,30
3004,2024-03-25,Keyboard,3,50
3005,2024-11-19,Laptop,2,50
3006,2024-07-27,Keyboard,4,50
3007,2024-11-21,Monitor,4,30
3008,2024-08-17,Tablet,3,300
3009,2024-06-19,Keyboard,2,500
3010,2024-05-24,Headphones,3,50
3011,2024-11-27,Laptop,3,200
3012,2024-08-08,Tablet,3,500
3013,2024-01-17,Keyboard,3,200
3014,2024-06-14,Phone,4,400
3015,2024-11-27,Monitor,2,100
3016,2024-06-08,Headphones,4,300
3017,2024-03-18,Keyboard,1,30
3018,2024-08-01,Monitor,2,30
3019,2024-04-17,Keyboard,1,30
3020,2024-01-06,Keyboard,2,400
3021,2024-01-13,Mouse,5,800
3022,2024-10-27,Keyboard,2,50
3023,2024-11-22,Monitor,4,200
3024,2024-10-19,Keyboard,5,800
3025,2024-05-02,Laptop,1,200
3026,2024-01-15,Laptop,4,800
3027,2024-12-08,Headphones,3,30
3028,2024-03-21,Printer,5,30
3029,2024-06-13,Phone,5,50
3030,2024-08-26,Headphones,5,500
3031,2024-11-22,Printer,2,300
3032,2024-11-08,Mouse,3,300
3033,2024-07-05,Laptop,2,400
3034,2024-03-18,Tablet,3,200
3035,2024-02-12,Mouse,2,30
3036,2024-03-30,Printer,3,100
3037,2024-09-03,Keyboard,4,300
3038,2024-01-16,Tablet,3,300
3039,2024-07-24,Monitor,2,300
3040,2024-01-30,Phone,5,300
3041,2024-01-01,Headphones,2,300
3042,2024-11-20,Headphones,3,300
3043,2024-07-19,Headphones,3,200
3044,2024-09-16,Printer,4,800
3045,2024-06-25,Laptop,2,300
3046,2024-05-13,Laptop,4,500
3047,2024-11-15,Printer,1,50
3048,2024-03-10,Monitor,2,30
3049,2024-07-03,Tablet,5,300
3050,2024-08-04,Phone,4,400
3051,2024-01-10,Mouse,2,200
3052,2024-10-13,Laptop,3,500
3053,2024-07-02,Mouse,3,100
3054,2024-06-27,Laptop,1,100
3055,2024-01-20,Tablet,1,200
3056,2024-12-02,Printer,1,200
3057,2024-05-11,Tablet,1,400
3058,2024-12-03,Laptop,5,400
3059,2024-06-10,Tablet,2,400
3060,2024-12-21,Keyboard,5,800
3061,2024-02-28,Phone,4,400
3062,2024-11-21,Tablet,1,30
3063,2024-08-03,Mouse,2,200
3064,2024-04-14,Mouse,1,300
3065,2024-11-07,Mouse,1,300
3066,2024-08-17,Headphones,5,50
3067,2024-08-08,Mouse,4,30
3068,2024-08-16,Mouse,5,200
3069,2024-02-07,Laptop,5,50
3070,2024-02-12,Keyboard,1,100
3071,2024-06-20,Tablet,2,500
3072,2024-06-08,Headphones,4,100
3073,2024-10-27,Headphones,3,30
3074,2024-02-04,Mouse,4,300
3075,2024-06-25,Phone,1,200
3076,2024-05-10,Printer,2,500
3077,2024-12-27,Printer,1,300
3078,2024-09-29,Monitor,2,500
3079,2024-05-10,Keyboard,3,400
3080,2024-09-25,Mouse,2,30
3081,2024-10-29,Phone,1,30
3082,2024-09-25,Printer,3,200
3083,2024-07-13,Monitor,2,50
3084,2024-06-09,Printer,1,50
3085,2024-07-05,Mouse,1,400
3086,2024-11-27,Phone,1,50
3087,2024-06-28,Printer,2,50
3088,2024-03-11,Printer,2,200
3089,2024-10-22,Monitor,3,300
3090,2024-02-06,Phone,1,800
3091,2024-11-06,Phone,1,500
3092,2024-02-19,Laptop,1,800
3093,2024-07-25,Printer,3,50
3094,2024-05-09,Headphones,5,30
3095,2024-08-06,Keyboard,3,800
3096,2024-04-23,Laptop,5,800
3097,2024-07-26,Mouse,4,30
3098,2024-07-16,Keyboard,5,400
3099,2024-10-18,Phone,5,50
3100,2024-06-26,Mouse,3,300
3101,2024-04-11,Keyboard,2,30
3102,2024-01-30,Headphones,3,500
3103,2024-01-22,Mouse,1,30
3104,2024-04-07,Headphones,1,100
3105,2024-07-22,Phone,3,300
3106,2024-11-04,Laptop,5,800
3107,2024-07-18,Tablet,5,400
3108,2024-07-07,Mouse,4,100
3109,2024-12-14,Mouse,1,50
3110,2024-08-04,Mouse,4,300
3111,2024-04-25,Phone,1,200
3112,2024-07-04,Printer,5,30
3113,2024-05-17,Keyboard,3,500
3114,2024-09-22,Phone,5,300
3115,2024-02-11,Tablet,1,30
3116,2024-03-15,Phone,1,200
3117,2024-03-18,Laptop,3,100
3118,2024-12-16,Headphones,1,400
3119,2024-09-16,Phone,5,300
3120,2024-03-21,Keyboard,4,800
3121,2024-10-29,Mouse,5,30
3122,2024-02-07,Printer,1,50
3123,2024-06-16,Mouse,5,200
3124,2024-06-23,Printer,2,300
3125,2024-02-22,Tablet,5,200
3126,2024-04-07,Headphones,4,400
3127,2024-09-25,Keyboard,3,200
3128,2024-10-08,Printer,1,400
3129,2024-06-07,Headphones,4,100
3130,2024-05-20,Tablet,4,300
3131,2024-07-26,Tablet,5,800
3132,2024-06-07,Tablet,5,300
3133,2024-10-28,Phone,2,100
3134,2024-08-15,Monitor,1,100
3135,2024-08-30,Headphones,5,30
3136,2024-12-29,Laptop,3,300
3137,2024-11-23,Keyboard,3,300
3138,2024-03-08,Phone,4,400
3139,2024-01-20,Headphones,5,500
3140,2024-05-17,Keyboard,4,200
3141,2024-07-22,Headphones,4,400
3142,2024-08-31,Tablet,4,50
3143,2024-09-15,Phone,1,500
3144,2024-01-23,Keyboard,1,50
3145,2024-11-22,Phone,5,800
3146,2024-10-29,Laptop,4,300
3147,2024-05-06,Laptop,3,50
3148,2024-06-15,Tablet,1,300
3149,2024-06-24,Tablet,1,200
3150,2024-10-05,Printer,2,300
3151,2024-05-01,Keyboard,2,500
3152,2024-09-16,Laptop,1,100
3153,2024-04-04,Laptop,2,500
3154,2024-09-30,Headphones,4,200
3155,2024-07-08,Printer,1,50
3156,2024-08-26,Laptop,5,300
3157,2024-07-13,Mouse,1,300
3158,2024-01-13,Headphones,5,400
3159,2024-06-22,Printer,2,50
3160,2024-12-14,Headphones,4,200
3161,2024-12-24,Mouse,2,100
3162,2024-02-10,Phone,4,800
3163,2024-10-26,Headphones,1,100
3164,2024-02-05,Headphones,2,100
3165,2024-08-26,Laptop,3,500
3166,2024-07-31,Headphones,3,200
3167,2024-06-02,Laptop,5,100
3168,2024-06-22,Laptop,5,100
3169,2024-09-18,Laptop,1,100
3170,2024-11-20,Monitor,1,800
3171,2024-05-15,Printer,5,400
3172,2024-10-18,Keyboard,1,300
3173,2024-09-06,Mouse,4,500
3174,2024-11-15,Headphones,4,50
3175,2024-02-27,Phone,5,100
3176,2024-02-16,Laptop,5,100
3177,2024-08-03,Mouse,4,400
3178,2024-11-25,Laptop,2,100
3179,2024-12-28,Tablet,5,500
3180,2024-10-07,Monitor,1,500
3181,2024-12-21,Mouse,5,400
3182,2024-01-27,Printer,3,500
3183,2024-10-30,Laptop,5,30
3184,2024-01-25,Keyboard,2,400
3185,2024-02-11,Printer,3,500
3186,2024-10-26,Mouse,4,800
3187,2024-09-26,Printer,5,500
3188,2024-11-13,Headphones,1,100
3189,2024-09-19,Monitor,2,50
3190,2024-10-14,Tablet,1,200
3191,2024-04-10,Keyboard,4,100
3192,2024-02-05,Tablet,1,50
3193,2024-05-30,Headphones,2,100
3194,2024-05-22,Monitor,5,50
3195,2024-01-22,Phone,3,300
3196,2024-04-15,Tablet,2,50
3197,2024-01-22,Monitor,3,200
3198,2024-10-15,Printer,1,30
3199,2024-04-13,Mouse,3,800
3200,2024-09-13,Laptop,5,800
3201,2024-06-22,Laptop,4,100
3202,2024-05-24,Printer,2,100
3203,2024-11-04,Monitor,2,300
3204,2024-09-07,Phone,5,400
3205,2024-10-22,Keyboard,3,800
3206,2024-12-24,Mouse,5,500
3207,2024-09-17,Tablet,2,400
3208,2024-05-09,Phone,5,300
3209,2024-05-11,Monitor,2,50
3210,2024-04-28,Mouse,5,200
3211,2024-02-29,Printer,2,500
3212,2024-02-26,Mouse,2,100
3213,2024-02-05,Monitor,1,300
3214,2024-03-08,Mouse,3,50
3215,2024-01-11,Laptop,3,30
3216,2024-12-25,Phone,2,300
3217,2024-12-29,Headphones,3,200
3218,2024-03-04,Printer,5,30
3219,2024-08-04,Tablet,4,100
3220,2024-09-05,Printer,1,200
3221,2024-11-25,Headphones,2,100
3222,2024-11-02,Printer,5,800
3223,2024-02-23,Phone,1,30
3224,2024-08-16,Keyboard,5,800
3225,2024-06-09,Mouse,4,30
3226,2024-10-10,Tablet,1,300
3227,2024-05-15,Printer,4,500
3228,2024-08-28,Laptop,1,400
3229,2024-06-10,Keyboard,3,30
3230,2024-04-08,Laptop,4,800
3231,2024-11-09,Printer,5,300
3232,2024-07-08,Phone,3,30
3233,2024-09-25,Laptop,2,30
3234,2024-12-17,Printer,4,100
3235,2024-04-16,Mouse,3,300
3236,2024-10-15,Headphones,4,300
3237,2024-07-18,Phone,2,30
3238,2024-01-12,Mouse,2,30
3239,2024-04-16,Phone,1,300
3240,2024-08-25,Laptop,4,200
3241,2024-11-18,Laptop,4,800
3242,2024-07-31,Keyboard,3,30
3243,2024-11-06,Printer,1,500
3244,2024-05-28,Mouse,3,500
3245,2024-05-09,Monitor,3,300
3246,2024-03-30,Keyboard,5,400
3247,2024-02-25,Phone,1,100
3248,2024-07-19,Tablet,1,400
3249,2024-12-18,Tablet,4,200
3250,2024-09-30,Printer,5,500
3251,2024-09-24,Laptop,2,100
3252,2024-08-29,Printer,1,50
3253,2024-09-23,Laptop,2,50
3254,2024-04-21,Mouse,3,800
3255,2024-03-21,Headphones,2,400
3256,2024-04-01,Phone,1,500
3257,2024-10-23,Printer,2,30
3258,2024-06-02,Headphones,4,30
3259,2024-01-20,Mouse,2,100
3260,2024-06-25,Laptop,3,800
3261,2024-03-24,Keyboard,5,100
3262,2024-06-19,Printer,5,400
3263,2024-08-11,Mouse,3,300
3264,2024-12-03,Laptop,4,50
3265,2024-09-27,Keyboard,1,100
3266,2024-09-13,Phone,1,800
3267,2024-04-20,Headphones,1,30
3268,2024-07-12,Headphones,1,100
3269,2024-09-02,Monitor,1,400
3270,2024-07-09,Tablet,2,200
3271,2024-05-12,Phone,3,100
3272,2024-05-27,Tablet,2,50
3273,2024-01-17,Keyboard,1,300
3274,2024-09-20,Keyboard,4,500
3275,2024-05-12,Mouse,4,800
3276,2024-05-17,Phone,2,500
3277,2024-12-24,Headphones,4,200
3278,2024-02-13,Printer,1,300
3279,2024-10-16,Mouse,1,500
3280,2024-05-27,Mouse,2,50
3281,2024-10-20,Laptop,1,300
3282,2024-03-07,Phone,3,500
3283,2024-12-27,Headphones,1,800
3284,2024-01-20,Headphones,4,50
3285,2024-09-18,Monitor,4,300
3286,2024-04-01,Tablet,4,300
3287,2024-06-08,Headphones,2,800
3288,2024-08-03,Tablet,2,30
3289,2024-08-31,Laptop,5,500
3290,2024-02-24,Printer,1,200
3291,2024-11-07,Monitor,5,300
3292,2024-10-08,Printer,5,50
3293,2024-01-08,Mouse,5,100
3294,2024-02-24,Tablet,4,500
3295,2024-11-26,Mouse,4,400
3296,2024-03-25,Printer,4,50
3297,2024-11-16,Phone,4,300
3298,2024-09-06,Laptop,3,300
3299,2024-03-10,Printer,4,500
3300,2024-08-21,Headphones,4,200
3301,2024-05-26,Phone,4,300
3302,2024-05-04,Mouse,4,30
3303,2024-09-24,Keyboard,3,500
3304,2024-01-09,Keyboard,4,100
3305,2024-08-19,Laptop,1,400
3306,2024-08-15,Printer,5,400
3307,2024-12-31,Mouse,4,500
3308,2024-05-26,Keyboard,4,800
3309,2024-03-30,Monitor,4,500
3310,2024-06-07,Tablet,1,500
3311,2024-07-03,Tablet,1,500
3312,2024-01-10,Monitor,1,300
3313,2024-12-15,Headphones,3,100
3314,2024-03-09,Laptop,5,50
3315,2024-08-05,Tablet,3,50
3316,2024-04-13,Mouse,1,800
3317,2024-03-16,Mouse,3,50
3318,2024-09-06,Headphones,4,500
3319,2024-12-02,Phone,5,400
3320,2024-09-23,Phone,2,300
3321,2024-04-08,Mouse,4,30
3322,2024-07-26,Headphones,4,800
3323,2024-02-15,Headphones,2,800
3324,2024-12-12,Mouse,1,500
3325,2024-01-30,Headphones,1,30
3326,2024-12-01,Printer,2,30
3327,2024-09-01,Monitor,4,30
3328,2024-10-12,Printer,2,50
3329,2024-10-04,Headphones,1,30
3330,2024-06-12,Mouse,5,50
3331,2024-03-04,Monitor,5,400
3332,2024-11-23,Monitor,4,100
3333,2024-09-19,Monitor,2,200
3334,2024-07-14,Phone,4,100
3335,2024-07-21,Printer,2,500
3336,2024-12-21,Mouse,5,100
3337,2024-04-26,Tablet,5,300
3338,2024-04-15,Phone,2,400
3339,2024-08-29,Monitor,5,50
3340,2024-06-04,Phone,2,100
3341,2024-05-19,Tablet,4,30
3342,2024-03-08,Phone,3,400
3343,2024-10-01,Headphones,5,200
3344,2024-07-29,Headphones,2,30
3345,2024-08-10,Mouse,3,400
3346,2024-08-19,Headphones,3,300
3347,2024-02-28,Mouse,1,500
3348,2024-05-21,Laptop,5,50
3349,2024-08-28,Phone,1,400
3350,2024-11-05,Keyboard,4,400
3351,2024-09-23,Monitor,5,100
3352,2024-02-03,Headphones,2,800
3353,2024-08-28,Headphones,4,50
3354,2024-04-27,Headphones,5,30
3355,2024-07-22,Headphones,2,300
3356,2024-12-30,Mouse,1,30
3357,2024-03-09,Tablet,1,800
3358,2024-10-11,Keyboard,2,300
3359,2024-01-22,Printer,3,50
3360,2024-01-02,Printer,3,50
3361,2024-11-24,Tablet,2,100
3362,2024-08-23,Laptop,2,30
3363,2024-01-31,Keyboard,1,500
3364,2024-08-06,Mouse,5,200
3365,2024-05-29,Keyboard,3,400
3366,2024-04-13,Laptop,5,100
3367,2024-03-11,Mouse,5,800
3368,2024-05-18,Headphones,2,800
3369,2024-08-05,Tablet,3,400
3370,2024-06-19,Printer,5,30
3371,2024-03-08,Headphones,4,50
3372,2024-11-04,Tablet,1,500
3373,2024-05-27,Mouse,1,300
3374,2024-01-28,Keyboard,3,200
3375,2024-03-09,Phone,5,400
3376,2024-09-28,Monitor,3,100
3377,2024-03-10,Laptop,2,800
3378,2024-05-31,Tablet,5,100
3379,2024-06-01,Phone,5,400
3380,2024-05-18,Monitor,4,50
3381,2024-08-09,Phone,3,400
3382,2024-02-15,Headphones,2,500
3383,2024-11-13,Tablet,5,400
3384,2024-04-02,Headphones,2,400
3385,2024-10-16,Printer,5,800
3386,2024-07-02,Printer,1,500
3387,2024-05-19,Printer,5,800
3388,2024-06-10,Phone,5,800
3389,2024-10-06,Keyboard,1,800
3390,2024-06-02,Keyboard,3,100
3391,2024-04-05,Tablet,2,800
3392,2024-04-15,Laptop,5,200
3393,2024-09-02,Printer,4,100
3394,2024-12-21,Mouse,4,50
3395,2024-02-04,Headphones,2,200
3396,2024-01-31,Keyboard,2,30
3397,2024-10-02,Printer,5,500
3398,2024-08-10,Keyboard,5,400
3399,2024-01-10,Keyboard,4,500
3400,2024-01-30,Mouse,5,100
3401,2024-08-13,Tablet,1,500
3402,2024-12-24,Phone,5,200
3403,2024-06-12,Headphones,5,30
3404,2024-01-04,Monitor,4,50
3405,2024-05-27,Printer,4,30
3406,2024-02-23,Mouse,1,50
3407,2024-01-28,Headphones,1,500
3408,2024-06-11,Keyboard,2,200
3409,2024-05-02,Laptop,5,30
3410,2024-03-12,Laptop,4,800
3411,2024-08-21,Monitor,5,50
3412,2024-06-25,Phone,4,800
3413,2024-09-12,Phone,5,50
3414,2024-05-09,Headphones,4,500
3415,2024-03-16,Laptop,3,30
3416,2024-08-05,Keyboard,4,30
3417,2024-09-20,Keyboard,2,400
3418,2024-07-09,Monitor,1,100
3419,2024-12-15,Phone,4,400
3420,2024-04-18,Mouse,4,500
3421,2024-12-01,Mouse,3,500
3422,2024-12-16,Printer,2,300
3423,2024-12-16,Keyboard,3,30
3424,2024-12-19,Printer,5,100
3425,2024-05-10,Tablet,1,300
3426,2024-12-04,Headphones,4,300
3427,2024-10-17,Phone,4,500
3428,2024-04-08,Printer,5,100
3429,2024-10-19,Laptop,4,30
3430,2024-12-16,Laptop,2,500
3431,2024-12-20,Phone,2,800
3432,2024-06-25,Laptop,5,200
3433,2024-12-24,Headphones,3,50
3434,2024-05-15,Mouse,5,50
3435,2024-10-25,Laptop,1,800
3436,2024-12-01,Printer,4,50
3437,2024-03-09,Tablet,1,200
3438,2024-05-22,Phone,1,100
3439,2024-08-14,Phone,4,500
3440,2024-03-19,Headphones,5,300
3441,2024-05-09,Headphones,3,30
3442,2024-05-23,Printer,1,100
3443,2024-05-25,Phone,2,100
3444,2024-12-11,Phone,3,400
3445,2024-10-30,Monitor,3,50
3446,2024-06-16,Headphones,2,800
3447,2024-07-23,Mouse,2,500
3448,2024-05-27,Phone,2,400
3449,2024-06-27,Headphones,4,500
3450,2024-06-01,Headphones,5,30
3451,2024-04-04,Laptop,4,50
3452,2024-06-15,Headphones,4,200
3453,2024-06-15,Printer,2,30
3454,2024-12-14,Mouse,3,200
3455,2024-01-02,Printer,4,500
3456,2024-01-25,Tablet,3,300
3457,2024-01-31,Monitor,1,300
3458,2024-06-21,Headphones,5,400
3459,2024-07-08,Keyboard,2,800
3460,2024-05-29,Laptop,2,300
3461,2024-04-02,Headphones,5,200
3462,2024-10-23,Printer,1,400
3463,2024-02-22,Phone,1,400
3464,2024-11-28,Printer,3,200
3465,2024-10-21,Headphones,5,800
3466,2024-07-31,Printer,5,500
3467,2024-10-09,Phone,5,400
3468,2024-03-19,Phone,3,200
3469,2024-06-24,Mouse,1,30
3470,2024-10-11,Keyboard,5,300
3471,2024-01-21,Phone,2,100
3472,2024-01-17,Monitor,2,800
3473,2024-08-22,Laptop,1,100
3474,2024-04-08,Keyboard,4,400
3475,2024-06-30,Tablet,5,30
3476,2024-05-02,Headphones,1,100
3477,2024-06-06,Printer,2,30
3478,2024-11-14,Headphones,5,50
3479,2024-06-14,Laptop,3,50
3480,2024-12-26,Phone,3,200
3481,2024-09-17,Headphones,5,50
3482,2024-09-16,Headphones,1,800
3483,2024-08-13,Mouse,2,500
3484,2024-06-28,Phone,5,50
3485,2024-05-02,Tablet,4,50
3486,2024-05-25,Laptop,1,300
3487,2024-04-04,Mouse,5,50
3488,2024-04-04,Laptop,4,400
3489,2024-12-17,Mouse,4,500
3490,2024-10-11,Keyboard,5,200
3491,2024-06-08,Laptop,2,200
3492,2024-10-10,Mouse,5,800
3493,2024-11-11,Mouse,5,100
3494,2024-10-26,Headphones,1,50
3495,2024-03-31,Mouse,5,50
3496,2024-03-17,Laptop,4,500
3497,2024-03-17,Monitor,4,100
3498,2024-03-13,Mouse,1,50
3499,2024-06-05,Monitor,4,100
3500,2024-06-04,Monitor,2,400
3501,2024-12-05,Phone,5,50
3502,2024-07-27,Monitor,4,400
3503,2024-12-04,Tablet,1,200
3504,2024-07-25,Tablet,5,100
3505,2024-07-02,Printer,3,50
3506,2024-09-04,Headphones,3,200
3507,2024-06-30,Phone,4,200
3508,2024-11-30,Monitor,4,800
3509,2024-10-17,Tablet,1,50
3510,2024-12-30,Mouse,1,50
3511,2024-10-22,Mouse,4,300
3512,2024-04-19,Printer,1,800
3513,2024-05-09,Tablet,5,30
3514,2024-12-02,Monitor,1,200
3515,2024-03-17,Keyboard,1,800
3516,2024-04-04,Printer,1,200
3517,2024-12-15,Printer,2,500
3518,2024-10-09,Monitor,1,30
3519,2024-06-03,Tablet,3,400
3520,2024-06-12,Keyboard,4,400
3521,2024-12-03,Tablet,2,200
3522,2024-11-13,Keyboard,4,500
3523,2024-04-27,Headphones,3,50
3524,2024-06-29,Phone,3,200
3525,2024-11-15,Printer,1,50
3526,2024-01-06,Laptop,3,500
3527,2024-04-25,Keyboard,3,30
3528,2024-11-17,Monitor,1,30
3529,2024-09-30,Keyboard,4,400
3530,2024-12-15,Tablet,3,300
3531,2024-12-31,Tablet,1,50
3532,2024-10-02,Tablet,2,300
3533,2024-09-30,Keyboard,3,300
3534,2024-12-18,Mouse,1,200
3535,2024-09-22,Monitor,1,50
3536,2024-10-14,Printer,2,400
3537,2024-08-31,Mouse,1,500
3538,2024-04-05,Keyboard,4,200
3539,2024-06-18,Tablet,1,800
3540,2024-07-03,Tablet,2,800
3541,2024-08-15,Keyboard,1,300
3542,2024-09-23,Mouse,4,200
3543,2024-12-23,Headphones,4,30
3544,2024-07-02,Printer,1,800
3545,2024-02-27,Monitor,1,500
3546,2024-08-27,Tablet,1,200
3547,2024-02-10,Monitor,1,50
3548,2024-07-25,Headphones,4,50
3549,2024-04-07,Printer,1,50
3550,2024-05-01,Monitor,3,30
3551,2024-11-30,Tablet,4,50
3552,2024-02-28,Monitor,4,500
3553,2024-01-18,Headphones,4,400
3554,2024-04-15,Laptop,4,800
3555,2024-10-10,Printer,2,500
3556,2024-03-17,Keyboard,1,300
3557,2024-06-06,Tablet,4,30
3558,2024-09-04,Keyboard,2,300
3559,2024-02-03,Headphones,5,300
3560,2024-02-28,Keyboard,4,50
3561,2024-08-04,Mouse,2,400
3562,2024-06-16,Laptop,3,300
3563,2024-08-07,Mouse,3,500
3564,2024-02-28,Tablet,2,50
3565,2024-04-20,Phone,1,800
3566,2024-04-17,Monitor,1,100
3567,2024-04-04,Mouse,2,30
3568,2024-10-23,Printer,4,300
3569,2024-03-26,Laptop,1,200
3570,2024-09-04,Phone,2,30
3571,2024-07-09,Tablet,3,300
3572,2024-12-15,Keyboard,3,500
3573,2024-11-19,Headphones,4,100
3574,2024-07-19,Monitor,5,400
3575,2024-02-23,Monitor,5,300
3576,2024-04-24,Laptop,3,800
3577,2024-06-03,Headphones,3,800
3578,2024-09-28,Laptop,3,50
3579,2024-06-02,Monitor,3,400
3580,2024-12-20,Keyboard,3,800
3581,2024-12-28,Headphones,3,100
3582,2024-05-15,Phone,5,400
3583,2024-04-08,Printer,4,500
3584,2024-03-14,Keyboard,1,800
3585,2024-10-24,Phone,2,50
3586,2024-12-11,Tablet,5,500
3587,2024-01-21,Tablet,4,50
3588,2024-01-04,Laptop,1,50
3589,2024-08-10,Mouse,3,300
3590,2024-01-06,Laptop,5,300
3591,2024-06-03,Phone,2,30
3592,2024-11-09,Tablet,1,50
3593,2024-12-17,Tablet,4,800
3594,2024-11-09,Mouse,4,100
3595,2024-02-07,Phone,1,50
3596,2024-11-27,Headphones,5,500
3597,2024-10-15,Printer,3,50
3598,2024-07-28,Tablet,3,300
3599,2024-08-15,Phone,3,100
3600,2024-01-08,Headphones,2,800
3601,2024-04-12,Phone,2,300
3602,2024-06-10,Tablet,1,50
3603,2024-02-28,Laptop,5,800
3604,2024-09-17,Printer,2,400
3605,2024-10-04,Keyboard,4,300
3606,2024-07-01,Keyboard,4,300
3607,2024-04-20,Monitor,4,100
3608,2024-09-11,Tablet,4,100
3609,2024-03-02,Mouse,5,200
3610,2024-01-04,Monitor,2,30
3611,2024-04-14,Laptop,5,30
3612,2024-09-15,Monitor,2,500
3613,2024-02-05,Monitor,3,500
3614,2024-11-25,Printer,4,200
3615,2024-03-03,Laptop,5,200
3616,2024-11-26,Phone,5,300
3617,2024-09-14,Headphones,2,100
3618,2024-07-07,Phone,1,800
3619,2024-07-07,Tablet,2,400
3620,2024-02-23,Laptop,3,50
3621,2024-02-22,Laptop,4,100
3622,2024-12-14,Printer,1,100
3623,2024-05-14,Monitor,4,100
3624,2024-07-23,Printer,3,500
3625,2024-06-04,Headphones,4,30
3626,2024-12-11,Tablet,1,500
3627,2024-04-08,Mouse,5,300
3628,2024-06-16,Printer,5,400
3629,2024-05-13,Printer,1,800
3630,2024-08-25,Mouse,2,400
3631,2024-12-21,Monitor,1,100
3632,2024-03-01,Tablet,1,100
3633,2024-03-31,Keyboard,3,200
3634,2024-03-24,Phone,1,800
3635,2024-02-20,Keyboard,3,300
3636,2024-05-11,Monitor,5,100
3637,2024-03-13,Monitor,2,200
3638,2024-05-31,Monitor,2,300
3639,2024-06-09,Phone,4,400
3640,2024-12-13,Printer,1,30
3641,2024-01-17,Monitor,1,800
3642,2024-07-23,Mouse,2,30
3643,2024-11-03,Phone,3,300
3644,2024-11-21,Tablet,3,100
3645,2024-05-28,Mouse,4,200
3646,2024-05-03,Keyboard,5,100
3647,2024-08-02,Laptop,4,50
3648,2024-12-23,Headphones,1,50
3649,2024-08-31,Monitor,3,30
3650,2024-10-02,Headphones,4,800
3651,2024-11-24,Printer,3,500
3652,2024-12-04,Printer,3,200
3653,2024-03-01,Headphones,2,200
3654,2024-06-07,Phone,4,500
3655,2024-09-17,Mouse,1,500
3656,2024-11-10,Tablet,1,50
3657,2024-04-18,Phone,3,300
3658,2024-03-19,Headphones,4,50
3659,2024-01-30,Monitor,1,400
3660,2024-12-08,Laptop,1,50
3661,2024-03-07,Keyboard,5,500
3662,2024-05-21,Laptop,5,500
3663,2024-11-14,Laptop,4,800
3664,2024-07-13,Headphones,4,100
3665,2024-10-12,Tablet,2,200
3666,2024-07-28,Headphones,4,400
3667,2024-01-04,Laptop,2,800
3668,2024-04-27,Laptop,3,400
3669,2024-12-17,Laptop,3,50
3670,2024-05-08,Monitor,3,300
3671,2024-10-20,Phone,3,500
3672,2024-07-17,Keyboard,5,300
3673,2024-09-15,Keyboard,2,100
3674,2024-08-26,Headphones,5,400
3675,2024-06-01,Printer,2,200
3676,2024-05-02,Mouse,5,500
3677,2024-04-20,Phone,2,200
3678,2024-06-01,Keyboard,1,200
3679,2024-03-11,Phone,5,200
3680,2024-05-17,Laptop,2,800
3681,2024-05-07,Monitor,5,400
3682,2024-07-18,Headphones,4,30
3683,2024-09-02,Laptop,3,800
3684,2024-06-20,Printer,2,400
3685,2024-08-23,Keyboard,5,300
3686,2024-12-29,Printer,2,800
3687,2024-05-23,Mouse,1,30
3688,2024-07-21,Headphones,3,50
3689,2024-08-11,Headphones,2,50
3690,2024-01-04,Laptop,3,200
3691,2024-04-22,Printer,2,400
3692,2024-07-28,Phone,3,100
3693,2024-01-02,Keyboard,3,200
3694,2024-03-26,Keyboard,5,400
3695,2024-09-02,Tablet,2,30
3696,2024-04-07,Laptop,3,300
3697,2024-01-03,Monitor,3,100
3698,2024-07-23,Phone,3,30
3699,2024-09-06,Printer,4,30
3700,2024-11-23,Tablet,3,200
3701,2024-03-04,Monitor,1,200
3702,2024-11-17,Monitor,1,200
3703,2024-09-10,Tablet,5,50
3704,2024-04-11,Phone,3,400
3705,2024-08-13,Phone,1,400
3706,2024-10-13,Laptop,3,800
3707,2024-12-23,Laptop,3,500
3708,2024-08-22,Printer,1,500
3709,2024-06-29,Headphones,1,800
3710,2024-11-25,Mouse,4,100
3711,2024-12-21,Keyboard,4,300
3712,2024-08-15,Tablet,4,500
3713,2024-09-16,Mouse,4,50
3714,2024-03-15,Tablet,1,200
3715,2024-09-04,Keyboard,5,50
3716,2024-10-15,Monitor,1,300
3717,2024-10-31,Tablet,2,500
3718,2024-02-02,Phone,5,300
3719,2024-05-04,Headphones,5,400
3720,2024-12-23,Headphones,3,500
3721,2024-10-01,Tablet,4,800
3722,2024-04-13,Headphones,5,400
3723,2024-12-24,Monitor,1,500
3724,2024-06-11,Monitor,1,200
3725,2024-12-20,Headphones,2,100
3726,2024-01-07,Keyboard,3,200
3727,2024-12-11,Monitor,3,200
3728,2024-04-06,Keyboard,3,400
3729,2024-10-25,Monitor,3,300
3730,2024-09-05,Tablet,2,50
3731,2024-04-29,Monitor,5,100
3732,2024-04-22,Laptop,2,400
3733,2024-10-11,Phone,1,300
3734,2024-07-14,Tablet,1,30
3735,2024-12-11,Monitor,1,100
3736,2024-11-01,Phone,4,400
3737,2024-03-05,Tablet,4,100
3738,2024-04-27,Phone,1,30
3739,2024-09-10,Mouse,1,200
3740,2024-12-20,Mouse,2,30
3741,2024-12-18,Headphones,5,200
3742,2024-07-15,Printer,3,400
3743,2024-08-21,Printer,3,200
3744,2024-03-19,Phone,1,400
3745,2024-10-08,Monitor,1,50
3746,2024-05-19,Phone,3,100
3747,2024-07-13,Keyboard,1,800
3748,2024-11-28,Phone,1,200
3749,2024-06-12,Laptop,1,500
3750,2024-03-14,Keyboard,4,500
3751,2024-02-05,Monitor,2,300
3752,2024-08-17,Keyboard,4,200
3753,2024-06-16,Laptop,4,800
3754,2024-08-01,Tablet,4,500
3755,2024-11-24,Headphones,4,30
3756,2024-11-25,Keyboard,2,30
3757,2024-01-22,Mouse,1,800
3758,2024-12-21,Mouse,2,800
3759,2024-08-17,Mouse,3,50
3760,2024-07-04,Tablet,3,50
3761,2024-03-18,Phone,3,200
3762,2024-09-02,Printer,5,500
3763,2024-07-09,Monitor,3,200
3764,2024-04-16,Phone,1,200
3765,2024-06-24,Tablet,3,500
3766,2024-11-11,Phone,4,800
3767,2024-04-15,Headphones,2,50
3768,2024-06-30,Printer,3,100
3769,2024-11-20,Keyboard,3,800
3770,2024-02-12,Keyboard,1,200
3771,2024-10-06,Keyboard,2,800
3772,2024-09-07,Headphones,4,500
3773,2024-06-22,Printer,4,100
3774,2024-06-28,Keyboard,4,800
3775,2024-10-09,Tablet,2,30
3776,2024-04-16,Monitor,4,200
3777,2024-03-04,Monitor,2,400
3778,2024-10-15,Printer,1,100
3779,2024-08-28,Laptop,4,50
3780,2024-03-18,Phone,2,30
3781,2024-09-16,Monitor,4,400
3782,2024-04-12,Tablet,5,100
3783,2024-12-02,Monitor,3,800
3784,2024-08-12,Laptop,4,800
3785,2024-04-08,Tablet,5,100
3786,2024-05-17,Monitor,1,200
3787,2024-08-22,Mouse,2,30
3788,2024-02-13,Laptop,3,100
3789,2024-03-02,Monitor,2,200
3790,2024-09-11,Laptop,3,500
3791,2024-02-15,Headphones,4,500
3792,2024-03-25,Mouse,2,100
3793,2024-02-01,Headphones,5,400
3794,2024-02-25,Tablet,5,300
3795,2024-06-14,Headphones,1,300
3796,2024-06-24,Keyboard,5,300
3797,2024-06-30,Monitor,3,800
3798,2024-06-14,Keyboard,3,30
3799,2024-03-06,Mouse,2,400
3800,2024-07-02,Tablet,1,200
3801,2024-03-22,Laptop,5,50
3802,2024-03-05,Monitor,3,400
3803,2024-01-01,Keyboard,5,50
3804,2024-07-17,Tablet,3,100
3805,2024-09-19,Tablet,3,400
3806,2024-04-29,Phone,1,300
3807,2024-06-16,Laptop,3,300
3808,2024-01-03,Headphones,1,30
3809,2024-03-11,Monitor,3,50
3810,2024-04-03,Headphones,5,800
3811,2024-06-10,Printer,1,400
3812,2024-11-30,Keyboard,3,300
3813,2024-06-09,Keyboard,4,200
3814,2024-11-22,Keyboard,4,30
3815,2024-03-09,Tablet,5,800
3816,2024-01-06,Printer,1,100
3817,2024-07-16,Phone,4,800
3818,2024-03-02,Mouse,4,500
3819,2024-08-05,Monitor,5,300
3820,2024-11-15,Tablet,5,300
3821,2024-12-31,Printer,4,100
3822,2024-05-14,Mouse,5,300
3823,2024-03-26,Monitor,5,500
3824,2024-06-24,Mouse,2,200
3825,2024-07-18,Monitor,3,30
3826,2024-12-14,Headphones,1,400
3827,2024-05-06,Mouse,1,400
3828,2024-06-04,Headphones,2,400
3829,2024-08-18,Tablet,4,100
3830,2024-12-22,Printer,3,500
3831,2024-05-22,Laptop,1,300
3832,2024-12-28,Mouse,3,100
3833,2024-04-13,Headphones,5,400
3834,2024-03-03,Headphones,3,30
3835,2024-01-12,Monitor,4,100
3836,2024-10-15,Mouse,5,800
3837,2024-04-19,Printer,3,400
3838,2024-04-17,Headphones,3,200
3839,2024-12-20,Printer,4,30
3840,2024-08-18,Tablet,2,300
3841,2024-06-21,Tablet,1,800
3842,2024-03-09,Headphones,2,100
3843,2024-08-12,Tablet,3,400
3844,2024-01-25,Keyboard,3,200
3845,2024-10-15,Keyboard,2,100
3846,2024-12-21,Laptop,3,50
3847,2024-07-15,Laptop,4,400
3848,2024-10-15,Printer,5,100
3849,2024-02-27,Monitor,4,800
3850,2024-12-05,Phone,3,500
3851,2024-02-20,Laptop,1,50
3852,2024-08-15,Laptop,4,800
3853,2024-10-29,Monitor,2,800
3854,2024-11-05,Phone,3,30
3855,2024-03-21,Laptop,4,200
3856,2024-06-12,Keyboard,4,300
3857,2024-09-23,Laptop,2,30
3858,2024-11-02,Monitor,4,200
3859,2024-04-07,Keyboard,1,800
3860,2024-01-01,Laptop,4,800
3861,2024-06-02,Mouse,3,800
3862,2024-05-02,Headphones,4,800
3863,2024-03-23,Laptop,1,500
3864,2024-12-15,Keyboard,3,30
3865,2024-06-28,Tablet,3,200
3866,2024-02-14,Mouse,3,200
3867,2024-04-22,Printer,1,30
3868,2024-07-24,Mouse,3,200
3869,2024-11-18,Headphones,5,100
3870,2024-04-17,Tablet,4,400
3871,2024-04-11,Mouse,1,300
3872,2024-08-24,Phone,2,50
3873,2024-10-06,Mouse,5,300
3874,2024-05-06,Printer,3,800
3875,2024-07-09,Headphones,4,300
3876,2024-03-19,Phone,2,30
3877,2024-11-28,Keyboard,5,100
3878,2024-07-06,Headphones,5,30
3879,2024-05-02,Phone,4,800
3880,2024-12-06,Phone,5,100
3881,2024-05-17,Headphones,1,30
3882,2024-03-30,Printer,2,300
3883,2024-11-17,Laptop,5,50
3884,2024-12-05,Mouse,1,300
3885,2024-01-26,Monitor,2,300
3886,2024-05-14,Monitor,4,50
3887,2024-02-10,Mouse,3,100
3888,2024-10-12,Mouse,5,500
3889,2024-01-19,Printer,2,300
3890,2024-05-29,Keyboard,5,500
3891,2024-07-22,Printer,5,200
3892,2024-10-17,Monitor,4,300
3893,2024-04-24,Monitor,3,400
3894,2024-03-27,Keyboard,2,500
3895,2024-11-02,Tablet,3,800
3896,2024-12-26,Tablet,4,300
3897,2024-07-31,Laptop,2,300
3898,2024-03-23,Monitor,5,30
3899,2024-03-02,Printer,4,800
3900,2024-06-17,Keyboard,4,30
3901,2024-09-28,Mouse,2,30
3902,2024-05-28,Printer,4,200
3903,2024-05-17,Headphones,3,100
3904,2024-06-27,Printer,2,400
3905,2024-03-11,Laptop,5,50
3906,2024-07-03,Monitor,4,200
3907,2024-04-11,Mouse,1,500
3908,2024-07-21,Keyboard,3,400
3909,2024-09-30,Printer,4,300
3910,2024-06-07,Phone,4,500
3911,2024-08-13,Phone,3,300
3912,2024-10-02,Keyboard,2,200
3913,2024-03-21,Tablet,3,800
3914,2024-08-19,Laptop,5,100
3915,2024-06-04,Tablet,4,50
3916,2024-04-27,Mouse,3,500
3917,2024-03-15,Printer,5,800
3918,2024-12-19,Printer,5,200
3919,2024-05-17,Laptop,2,500
3920,2024-04-09,Keyboard,5,100
3921,2024-06-07,Keyboard,2,100
3922,2024-10-28,Keyboard,5,400
3923,2024-06-09,Phone,3,400
3924,2024-06-16,Headphones,3,500
3925,2024-05-07,Phone,1,50
3926,2024-03-13,Phone,4,50
3927,2024-04-18,Tablet,4,500
3928,2024-11-26,Phone,3,800
3929,2024-10-05,Phone,1,800
3930,2024-08-17,Headphones,2,200
3931,2024-08-11,Tablet,4,100
3932,2024-10-06,Laptop,1,100
3933,2024-08-17,Keyboard,4,500
3934,2024-08-24,Headphones,5,800
3935,2024-08-15,Phone,4,30
3936,2024-06-12,Phone,2,50
3937,2024-03-19,Headphones,2,800
3938,2024-02-21,Headphones,5,50
3939,2024-03-08,Printer,3,800
3940,2024-03-09,Tablet,3,30
3941,2024-07-04,Printer,2,30
3942,2024-06-10,Monitor,1,50
3943,2024-08-04,Keyboard,1,200
3944,2024-05-22,Keyboard,1,300
3945,2024-07-10,Keyboard,2,100
3946,2024-10-28,Mouse,4,300
3947,2024-06-12,Phone,2,30
3948,2024-07-26,Monitor,4,500
3949,2024-06-13,Phone,5,200
3950,2024-11-15,Printer,5,30
3951,2024-05-17,Tablet,5,50
3952,2024-09-02,Mouse,2,50
3953,2024-06-13,Tablet,1,50
3954,2024-01-17,Mouse,5,30
3955,2024-04-22,Tablet,4,30
3956,2024-11-16,Phone,1,50
3957,2024-09-14,Printer,3,50
3958,2024-12-13,Mouse,5,500
3959,2024-02-15,Laptop,4,300
3960,2024-01-05,Monitor,3,50
3961,2024-03-25,Tablet,2,400
3962,2024-01-11,Headphones,3,100
3963,2024-06-24,Keyboard,3,200
3964,2024-02-28,Tablet,2,800
3965,2024-03-10,Headphones,1,30
3966,2024-06-15,Headphones,5,100
3967,2024-06-17,Keyboard,1,200
3968,2024-11-23,Mouse,2,300
3969,2024-09-30,Keyboard,5,30
3970,2024-09-19,Mouse,1,100
3971,2024-05-03,Printer,2,30
3972,2024-05-26,Mouse,3,30
3973,2024-06-29,Laptop,4,300
3974,2024-07-14,Printer,3,800
3975,2024-10-20,Keyboard,5,30
3976,2024-04-07,Tablet,4,200
3977,2024-10-16,Headphones,1,50
3978,2024-03-09,Laptop,5,30
3979,2024-08-07,Tablet,3,200
3980,2024-02-12,Laptop,3,30
3981,2024-05-21,Monitor,4,30
3982,2024-11-18,Headphones,4,50
3983,2024-06-25,Keyboard,3,500
3984,2024-02-27,Headphones,5,30
3985,2024-01-26,Mouse,4,400
3986,2024-11-14,Printer,3,200
3987,2024-04-21,Tablet,2,50
3988,2024-04-09,Monitor,5,30
3989,2024-10-02,Headphones,2,400
3990,2024-11-23,Mouse,2,400
3991,2024-02-03,Mouse,5,100
3992,2024-09-27,Headphones,4,100
3993,2024-09-15,Phone,3,500
3994,2024-09-09,Headphones,1,200
3995,2024-02-24,Headphones,1,50
3996,2024-11-03,Phone,1,500
3997,2024-07-12,Mouse,1,30
3998,2024-06-20,Keyboard,2,800
3999,2024-05-05,Keyboard,3,800
4000,2024-09-18,Mouse,2,200
